URL,Status Code,Primary Issue,All Issues,Word Count,Title,Meta Description,Canonical,Redirect To
https://hammondproperties.com.au/listings/,200,Alternate page with proper canonical tag,Possible soft 404 (thin content),10,Mallacoota Holiday Rentals | Luxury Waterfront Homes | Hammond Properties,"Experience Mallacoota's finest holiday homes. Waterfront luxury properties with premium amenities, pet-friendly options, personal concierge. ⭐ 500+ 5-star revie",https://hammondproperties.com.au/,
https://hammondproperties.com.au/,200,Soft 404,Possible soft 404 (thin content),10,Mallacoota Holiday Rentals | Luxury Waterfront Homes | Hammond Properties,"Experience Mallacoota's finest holiday homes. Waterfront luxury properties with premium amenities, pet-friendly options, personal concierge. ⭐ 500+ 5-star revie",https://hammondproperties.com.au/,
https://hammondproperties.com.au/properties/yollys-cottage,200,Alternate page with proper canonical tag,Possible soft 404 (thin content),10,Mallacoota Holiday Rentals | Luxury Waterfront Homes | Hammond Properties,"Experience Mallacoota's finest holiday homes. Waterfront luxury properties with premium amenities, pet-friendly options, personal concierge. ⭐ 500+ 5-star revie",https://hammondproperties.com.au/,
https://hammondproperties.com.au/contact,200,Alternate page with proper canonical tag,Possible soft 404 (thin content),10,Mallacoota Holiday Rentals | Luxury Waterfront Homes | Hammond Properties,"Experience Mallacoota's finest holiday homes. Waterfront luxury properties with premium amenities, pet-friendly options, personal concierge. ⭐ 500+ 5-star revie",https://hammondproperties.com.au/,
https://hammondproperties.com.au/listing/,200,Alternate page with proper canonical tag,Possible soft 404 (thin content),10,Mallacoota Holiday Rentals | Luxury Waterfront Homes | Hammond Properties,"Experience Mallacoota's finest holiday homes. Waterfront luxury properties with premium amenities, pet-friendly options, personal concierge. ⭐ 500+ 5-star revie",https://hammondproperties.com.au/,
https://hammondproperties.com.au/assets/ui-C0Pb7tId.js,200,Duplicate without user-selected canonical,"Missing canonical tag, Missing title tag, Missing meta description",1488,Missing,Missing,Missing,
https://hammondproperties.com.au/blog/,200,Alternate page with proper canonical tag,Possible soft 404 (thin content),10,Mallacoota Holiday Rentals | Luxury Waterfront Homes | Hammond Properties,"Experience Mallacoota's finest holiday homes. Waterfront luxury properties with premium amenities, pet-friendly options, personal concierge. ⭐ 500+ 5-star revie",https://hammondproperties.com.au/,
https://hammondproperties.com.au/contact/,200,Alternate page with proper canonical tag,Possible soft 404 (thin content),10,Mallacoota Holiday Rentals | Luxury Waterfront Homes | Hammond Properties,"Experience Mallacoota's finest holiday homes. Waterfront luxury properties with premium amenities, pet-friendly options, personal concierge. ⭐ 500+ 5-star revie",https://hammondproperties.com.au/,
https://hammondproperties.com.au/site.webmanifest,200,Duplicate without user-selected canonical,"Missing canonical tag, Possible soft 404 (thin content), Missing title tag, Missing meta description",37,Missing,Missing,Missing,
https://hammondproperties.com.au/assets/utils-B48d1J-u.js,200,Duplicate without user-selected canonical,"Missing canonical tag, Missing title tag, Missing meta description",2633,Missing,Missing,Missing,
https://hammondproperties.com.au/properties/south-gateway,200,Alternate page with proper canonical tag,Possible soft 404 (thin content),10,Mallacoota Holiday Rentals | Luxury Waterfront Homes | Hammond Properties,"Experience Mallacoota's finest holiday homes. Waterfront luxury properties with premium amenities, pet-friendly options, personal concierge. ⭐ 500+ 5-star revie",https://hammondproperties.com.au/,
https://hammondproperties.com.au/properties/bella-views,200,Alternate page with proper canonical tag,Possible soft 404 (thin content),10,Mallacoota Holiday Rentals | Luxury Waterfront Homes | Hammond Properties,"Experience Mallacoota's finest holiday homes. Waterfront luxury properties with premium amenities, pet-friendly options, personal concierge. ⭐ 500+ 5-star revie",https://hammondproperties.com.au/,
https://hammondproperties.com.au/property/,200,Alternate page with proper canonical tag,Possible soft 404 (thin content),10,Mallacoota Holiday Rentals | Luxury Waterfront Homes | Hammond Properties,"Experience Mallacoota's finest holiday homes. Waterfront luxury properties with premium amenities, pet-friendly options, personal concierge. ⭐ 500+ 5-star revie",https://hammondproperties.com.au/,
https://hammondproperties.com.au/discover-mallacoota/secret-beaches-coastal-walks,200,Alternate page with proper canonical tag,Possible soft 404 (thin content),10,Mallacoota Holiday Rentals | Luxury Waterfront Homes | Hammond Properties,"Experience Mallacoota's finest holiday homes. Waterfront luxury properties with premium amenities, pet-friendly options, personal concierge. ⭐ 500+ 5-star revie",https://hammondproperties.com.au/,
https://hammondproperties.com.au/discover-mallacoota/origami-coffee-the-local-institution,200,Alternate page with proper canonical tag,Possible soft 404 (thin content),10,Mallacoota Holiday Rentals | Luxury Waterfront Homes | Hammond Properties,"Experience Mallacoota's finest holiday homes. Waterfront luxury properties with premium amenities, pet-friendly options, personal concierge. ⭐ 500+ 5-star revie",https://hammondproperties.com.au/,
https://hammondproperties.com.au/properties/high-tide-studio,200,Alternate page with proper canonical tag,Possible soft 404 (thin content),10,Mallacoota Holiday Rentals | Luxury Waterfront Homes | Hammond Properties,"Experience Mallacoota's finest holiday homes. Waterfront luxury properties with premium amenities, pet-friendly options, personal concierge. ⭐ 500+ 5-star revie",https://hammondproperties.com.au/,
https://hammondproperties.com.au/rooms/,200,Alternate page with proper canonical tag,Possible soft 404 (thin content),10,Mallacoota Holiday Rentals | Luxury Waterfront Homes | Hammond Properties,"Experience Mallacoota's finest holiday homes. Waterfront luxury properties with premium amenities, pet-friendly options, personal concierge. ⭐ 500+ 5-star revie",https://hammondproperties.com.au/,
https://hammondproperties.com.au/properties/,200,Alternate page with proper canonical tag,Possible soft 404 (thin content),10,Mallacoota Holiday Rentals | Luxury Waterfront Homes | Hammond Properties,"Experience Mallacoota's finest holiday homes. Waterfront luxury properties with premium amenities, pet-friendly options, personal concierge. ⭐ 500+ 5-star revie",https://hammondproperties.com.au/,
https://hammondproperties.com.au/properties/27-mirrabooka-rd,200,Alternate page with proper canonical tag,Possible soft 404 (thin content),10,Mallacoota Holiday Rentals | Luxury Waterfront Homes | Hammond Properties,"Experience Mallacoota's finest holiday homes. Waterfront luxury properties with premium amenities, pet-friendly options, personal concierge. ⭐ 500+ 5-star revie",https://hammondproperties.com.au/,
https://hammondproperties.com.au/discover-mallacoota/fishing-charters,200,Alternate page with proper canonical tag,Possible soft 404 (thin content),10,Mallacoota Holiday Rentals | Luxury Waterfront Homes | Hammond Properties,"Experience Mallacoota's finest holiday homes. Waterfront luxury properties with premium amenities, pet-friendly options, personal concierge. ⭐ 500+ 5-star revie",https://hammondproperties.com.au/,
https://hammondproperties.com.au/about/,200,Alternate page with proper canonical tag,Possible soft 404 (thin content),10,Mallacoota Holiday Rentals | Luxury Waterfront Homes | Hammond Properties,"Experience Mallacoota's finest holiday homes. Waterfront luxury properties with premium amenities, pet-friendly options, personal concierge. ⭐ 500+ 5-star revie",https://hammondproperties.com.au/,
https://hammondproperties.com.au/rates/,200,Alternate page with proper canonical tag,Possible soft 404 (thin content),10,Mallacoota Holiday Rentals | Luxury Waterfront Homes | Hammond Properties,"Experience Mallacoota's finest holiday homes. Waterfront luxury properties with premium amenities, pet-friendly options, personal concierge. ⭐ 500+ 5-star revie",https://hammondproperties.com.au/,
https://hammondproperties.com.au/discover-mallacoota/complete-restaurant-guide,200,Alternate page with proper canonical tag,Possible soft 404 (thin content),10,Mallacoota Holiday Rentals | Luxury Waterfront Homes | Hammond Properties,"Experience Mallacoota's finest holiday homes. Waterfront luxury properties with premium amenities, pet-friendly options, personal concierge. ⭐ 500+ 5-star revie",https://hammondproperties.com.au/,
https://hammondproperties.com.au/favicon.ico,200,Duplicate without user-selected canonical,"Missing canonical tag, Thin content (may not be indexed), Missing title tag, Missing meta description",299,Missing,Missing,Missing,
https://hammondproperties.com.au/properties/lacys-place,200,Alternate page with proper canonical tag,Possible soft 404 (thin content),10,Mallacoota Holiday Rentals | Luxury Waterfront Homes | Hammond Properties,"Experience Mallacoota's finest holiday homes. Waterfront luxury properties with premium amenities, pet-friendly options, personal concierge. ⭐ 500+ 5-star revie",https://hammondproperties.com.au/,
https://hammondproperties.com.au/assets/routing-D2QpaiH0.js,200,Duplicate without user-selected canonical,"Missing canonical tag, Missing title tag, Missing meta description",610,Missing,Missing,Missing,
https://hammondproperties.com.au/properties/blue-bird,200,Alternate page with proper canonical tag,Possible soft 404 (thin content),10,Mallacoota Holiday Rentals | Luxury Waterfront Homes | Hammond Properties,"Experience Mallacoota's finest holiday homes. Waterfront luxury properties with premium amenities, pet-friendly options, personal concierge. ⭐ 500+ 5-star revie",https://hammondproperties.com.au/,
https://hammondproperties.com.au/gabo-island,200,Alternate page with proper canonical tag,Possible soft 404 (thin content),10,Mallacoota Holiday Rentals | Luxury Waterfront Homes | Hammond Properties,"Experience Mallacoota's finest holiday homes. Waterfront luxury properties with premium amenities, pet-friendly options, personal concierge. ⭐ 500+ 5-star revie",https://hammondproperties.com.au/,
https://hammondproperties.com.au/properties,200,Alternate page with proper canonical tag,Possible soft 404 (thin content),10,Mallacoota Holiday Rentals | Luxury Waterfront Homes | Hammond Properties,"Experience Mallacoota's finest holiday homes. Waterfront luxury properties with premium amenities, pet-friendly options, personal concierge. ⭐ 500+ 5-star revie",https://hammondproperties.com.au/,
https://hammondproperties.com.au/properties/blue-waters,200,Alternate page with proper canonical tag,Possible soft 404 (thin content),10,Mallacoota Holiday Rentals | Luxury Waterfront Homes | Hammond Properties,"Experience Mallacoota's finest holiday homes. Waterfront luxury properties with premium amenities, pet-friendly options, personal concierge. ⭐ 500+ 5-star revie",https://hammondproperties.com.au/,
https://hammondproperties.com.au/assets/index-DnWUcr-8.css,200,Duplicate without user-selected canonical,"Missing canonical tag, Missing title tag, Missing meta description",2740,Missing,Missing,Missing,
https://hammondproperties.com.au/luxury-waterfront-mallacoota,200,Alternate page with proper canonical tag,Possible soft 404 (thin content),10,Mallacoota Holiday Rentals | Luxury Waterfront Homes | Hammond Properties,"Experience Mallacoota's finest holiday homes. Waterfront luxury properties with premium amenities, pet-friendly options, personal concierge. ⭐ 500+ 5-star revie",https://hammondproperties.com.au/,
https://hammondproperties.com.au/discover-mallacoota/croajingolong-national-park,200,Alternate page with proper canonical tag,Possible soft 404 (thin content),10,Mallacoota Holiday Rentals | Luxury Waterfront Homes | Hammond Properties,"Experience Mallacoota's finest holiday homes. Waterfront luxury properties with premium amenities, pet-friendly options, personal concierge. ⭐ 500+ 5-star revie",https://hammondproperties.com.au/,
https://hammondproperties.com.au/discover-mallacoota,200,Alternate page with proper canonical tag,Possible soft 404 (thin content),10,Mallacoota Holiday Rentals | Luxury Waterfront Homes | Hammond Properties,"Experience Mallacoota's finest holiday homes. Waterfront luxury properties with premium amenities, pet-friendly options, personal concierge. ⭐ 500+ 5-star revie",https://hammondproperties.com.au/,
https://hammondproperties.com.au/news/,200,Alternate page with proper canonical tag,Possible soft 404 (thin content),10,Mallacoota Holiday Rentals | Luxury Waterfront Homes | Hammond Properties,"Experience Mallacoota's finest holiday homes. Waterfront luxury properties with premium amenities, pet-friendly options, personal concierge. ⭐ 500+ 5-star revie",https://hammondproperties.com.au/,
https://hammondproperties.com.au/about,200,Alternate page with proper canonical tag,Possible soft 404 (thin content),10,Mallacoota Holiday Rentals | Luxury Waterfront Homes | Hammond Properties,"Experience Mallacoota's finest holiday homes. Waterfront luxury properties with premium amenities, pet-friendly options, personal concierge. ⭐ 500+ 5-star revie",https://hammondproperties.com.au/,
https://hammondproperties.com.au/availability/,200,Alternate page with proper canonical tag,Possible soft 404 (thin content),10,Mallacoota Holiday Rentals | Luxury Waterfront Homes | Hammond Properties,"Experience Mallacoota's finest holiday homes. Waterfront luxury properties with premium amenities, pet-friendly options, personal concierge. ⭐ 500+ 5-star revie",https://hammondproperties.com.au/,
https://hammondproperties.com.au/mallacoota-vs-lakes-entrance,200,Alternate page with proper canonical tag,Possible soft 404 (thin content),10,Mallacoota Holiday Rentals | Luxury Waterfront Homes | Hammond Properties,"Experience Mallacoota's finest holiday homes. Waterfront luxury properties with premium amenities, pet-friendly options, personal concierge. ⭐ 500+ 5-star revie",https://hammondproperties.com.au/,
https://hammondproperties.com.au/properties/four-on-stingray-point,200,Alternate page with proper canonical tag,Possible soft 404 (thin content),10,Mallacoota Holiday Rentals | Luxury Waterfront Homes | Hammond Properties,"Experience Mallacoota's finest holiday homes. Waterfront luxury properties with premium amenities, pet-friendly options, personal concierge. ⭐ 500+ 5-star revie",https://hammondproperties.com.au/,
https://hammondproperties.com.au/properties/7-allan-drive,200,Alternate page with proper canonical tag,Possible soft 404 (thin content),10,Mallacoota Holiday Rentals | Luxury Waterfront Homes | Hammond Properties,"Experience Mallacoota's finest holiday homes. Waterfront luxury properties with premium amenities, pet-friendly options, personal concierge. ⭐ 500+ 5-star revie",https://hammondproperties.com.au/,
https://hammondproperties.com.au/discover-mallacoota/boating-charter-adventures,200,Alternate page with proper canonical tag,Possible soft 404 (thin content),10,Mallacoota Holiday Rentals | Luxury Waterfront Homes | Hammond Properties,"Experience Mallacoota's finest holiday homes. Waterfront luxury properties with premium amenities, pet-friendly options, personal concierge. ⭐ 500+ 5-star revie",https://hammondproperties.com.au/,
https://hammondproperties.com.au/favicon.svg,200,Duplicate without user-selected canonical,"Missing canonical tag, Possible soft 404 (thin content), Missing title tag, Missing meta description",0,Missing,Missing,Missing,
https://hammondproperties.com.au/assets/vendor-FsvWVpbx.js,200,Duplicate without user-selected canonical,"Missing canonical tag, Missing title tag, Missing meta description",1119,Missing,Missing,Missing,
https://hammondproperties.com.au/accommodation/,200,Alternate page with proper canonical tag,Possible soft 404 (thin content),10,Mallacoota Holiday Rentals | Luxury Waterfront Homes | Hammond Properties,"Experience Mallacoota's finest holiday homes. Waterfront luxury properties with premium amenities, pet-friendly options, personal concierge. ⭐ 500+ 5-star revie",https://hammondproperties.com.au/,
https://hammondproperties.com.au/testimonials,200,Alternate page with proper canonical tag,Possible soft 404 (thin content),10,Mallacoota Holiday Rentals | Luxury Waterfront Homes | Hammond Properties,"Experience Mallacoota's finest holiday homes. Waterfront luxury properties with premium amenities, pet-friendly options, personal concierge. ⭐ 500+ 5-star revie",https://hammondproperties.com.au/,
https://hammondproperties.com.au/properties/gabo-views,200,Alternate page with proper canonical tag,Possible soft 404 (thin content),10,Mallacoota Holiday Rentals | Luxury Waterfront Homes | Hammond Properties,"Experience Mallacoota's finest holiday homes. Waterfront luxury properties with premium amenities, pet-friendly options, personal concierge. ⭐ 500+ 5-star revie",https://hammondproperties.com.au/,
https://hammondproperties.com.au/amenities/,200,Alternate page with proper canonical tag,Possible soft 404 (thin content),10,Mallacoota Holiday Rentals | Luxury Waterfront Homes | Hammond Properties,"Experience Mallacoota's finest holiday homes. Waterfront luxury properties with premium amenities, pet-friendly options, personal concierge. ⭐ 500+ 5-star revie",https://hammondproperties.com.au/,
https://hammondproperties.com.au/location/,200,Alternate page with proper canonical tag,Possible soft 404 (thin content),10,Mallacoota Holiday Rentals | Luxury Waterfront Homes | Hammond Properties,"Experience Mallacoota's finest holiday homes. Waterfront luxury properties with premium amenities, pet-friendly options, personal concierge. ⭐ 500+ 5-star revie",https://hammondproperties.com.au/,
https://hammondproperties.com.au/things-to-do-mallacoota,200,Alternate page with proper canonical tag,Possible soft 404 (thin content),10,Mallacoota Holiday Rentals | Luxury Waterfront Homes | Hammond Properties,"Experience Mallacoota's finest holiday homes. Waterfront luxury properties with premium amenities, pet-friendly options, personal concierge. ⭐ 500+ 5-star revie",https://hammondproperties.com.au/,
https://hammondproperties.com.au/pet-friendly-mallacoota,200,Alternate page with proper canonical tag,Possible soft 404 (thin content),10,Mallacoota Holiday Rentals | Luxury Waterfront Homes | Hammond Properties,"Experience Mallacoota's finest holiday homes. Waterfront luxury properties with premium amenities, pet-friendly options, personal concierge. ⭐ 500+ 5-star revie",https://hammondproperties.com.au/,
https://hammondproperties.com.au,200,Alternate page with proper canonical tag,Possible soft 404 (thin content),10,Mallacoota Holiday Rentals | Luxury Waterfront Homes | Hammond Properties,"Experience Mallacoota's finest holiday homes. Waterfront luxury properties with premium amenities, pet-friendly options, personal concierge. ⭐ 500+ 5-star revie",https://hammondproperties.com.au/,
https://hammondproperties.com.au/mallacoota-holiday-rentals,200,Alternate page with proper canonical tag,Possible soft 404 (thin content),10,Mallacoota Holiday Rentals | Luxury Waterfront Homes | Hammond Properties,"Experience Mallacoota's finest holiday homes. Waterfront luxury properties with premium amenities, pet-friendly options, personal concierge. ⭐ 500+ 5-star revie",https://hammondproperties.com.au/,
https://hammondproperties.com.au/properties/high-tide-apartment,200,Alternate page with proper canonical tag,Possible soft 404 (thin content),10,Mallacoota Holiday Rentals | Luxury Waterfront Homes | Hammond Properties,"Experience Mallacoota's finest holiday homes. Waterfront luxury properties with premium amenities, pet-friendly options, personal concierge. ⭐ 500+ 5-star revie",https://hammondproperties.com.au/,
https://hammondproperties.com.au/apple-touch-icon.png,200,Duplicate without user-selected canonical,"Missing canonical tag, Missing title tag, Missing meta description",710,Missing,Missing,Missing,
https://hammondproperties.com.au/booking/,200,Alternate page with proper canonical tag,Possible soft 404 (thin content),10,Mallacoota Holiday Rentals | Luxury Waterfront Homes | Hammond Properties,"Experience Mallacoota's finest holiday homes. Waterfront luxury properties with premium amenities, pet-friendly options, personal concierge. ⭐ 500+ 5-star revie",https://hammondproperties.com.au/,
https://hammondproperties.com.au/discover-mallacoota/gabo-island,200,Alternate page with proper canonical tag,Possible soft 404 (thin content),10,Mallacoota Holiday Rentals | Luxury Waterfront Homes | Hammond Properties,"Experience Mallacoota's finest holiday homes. Waterfront luxury properties with premium amenities, pet-friendly options, personal concierge. ⭐ 500+ 5-star revie",https://hammondproperties.com.au/,
https://hammondproperties.com.au/favicon-96x96.png,200,Duplicate without user-selected canonical,"Missing canonical tag, Thin content (may not be indexed), Missing title tag, Missing meta description",264,Missing,Missing,Missing,
https://hammondproperties.com.au/gallery/,200,Alternate page with proper canonical tag,Possible soft 404 (thin content),10,Mallacoota Holiday Rentals | Luxury Waterfront Homes | Hammond Properties,"Experience Mallacoota's finest holiday homes. Waterfront luxury properties with premium amenities, pet-friendly options, personal concierge. ⭐ 500+ 5-star revie",https://hammondproperties.com.au/,
https://hammondproperties.com.au/properties/vista-views,200,Alternate page with proper canonical tag,Possible soft 404 (thin content),10,Mallacoota Holiday Rentals | Luxury Waterfront Homes | Hammond Properties,"Experience Mallacoota's finest holiday homes. Waterfront luxury properties with premium amenities, pet-friendly options, personal concierge. ⭐ 500+ 5-star revie",https://hammondproperties.com.au/,
https://hammondproperties.com.au/best-time-to-visit-mallacoota,200,Alternate page with proper canonical tag,Possible soft 404 (thin content),10,Mallacoota Holiday Rentals | Luxury Waterfront Homes | Hammond Properties,"Experience Mallacoota's finest holiday homes. Waterfront luxury properties with premium amenities, pet-friendly options, personal concierge. ⭐ 500+ 5-star revie",https://hammondproperties.com.au/,
https://hammondproperties.com.au/properties/pheeney-place,200,Alternate page with proper canonical tag,Possible soft 404 (thin content),10,Mallacoota Holiday Rentals | Luxury Waterfront Homes | Hammond Properties,"Experience Mallacoota's finest holiday homes. Waterfront luxury properties with premium amenities, pet-friendly options, personal concierge. ⭐ 500+ 5-star revie",https://hammondproperties.com.au/,
